{
    "R_mean": 7.114066419439904,
    "R_sigma": 1.5695252208504165,
    "τ_relax": 1.209243252811168,
    "name": "gaussian",
    "R0": 5.65469470134786,
    "τ_D": [
        3.9245,
        0.4466
    ],
    "D_fract": [
        0.9381886541859179,
        0.06181134581408213
    ],
    "τ_A": 4.0689,
    "prob_A_dark": 0.0295,
    "τ_A_dark": 2039160.4,
    "bg_rate_d": 100.74693497183218,
    "bg_rate_a": 193.20718121887384,
    "ts_unit": 1e-09,
    "tcspc_range": 22.765939383,
    "gamma": 0.78,
    "lk": 0.06,
    "dir_ex_t": 0.06,
    "du": 0.001,
    "dr": 0.0001,
    "u_max": 6,
    "δt": 0.014678232999999999,
    "ndt": 10,
    "α": 0.1,
    "bounds": {
        "R_mean": [
            5.5,
            7.5
        ],
        "R_sigma": [
            0.5,
            2.0
        ],
        "τ_relax": [
            0.2,
            2.0
        ]
    },
    "fit_name": "d17_E_nanotime_dyn_noblink_bgirf"
}