{
    "R_mean": 3.2,
    "R_sigma": 1.5028747623323504,
    "τ_relax": 0.9294848515018406,
    "prob_A_dark": 0.029503097545782783,
    "τ_A_dark": 2039160.41518693,
    "D_fract": [
        0.9381886541859179,
        0.06181134581408213
    ],
    "R0": 5.54919485935689,
    "bg_rate_a": 608.8373653645194,
    "bg_rate_d": 317.47525154002346,
    "dir_ex_t": 0.06,
    "dr": 0.0001,
    "du": 0.001,
    "gamma": 0.78,
    "lk": 0.055,
    "name": "gaussian",
    "ndt": 10,
    "tcspc_range": 22.765939383,
    "ts_unit": 1e-09,
    "u_max": 6,
    "α": 0.1,
    "δt": 0.014678232999999999,
    "τ_A": 4.050585,
    "τ_D": [
        4.0159,
        0.374247
    ],
    "bounds": {
        "R_mean": [
            3.0,
            4.2
        ],
        "R_sigma": [
            0.5,
            1.9
        ],
        "τ_relax": [
            0.2,
            2.0
        ],
        "prob_A_dark": [
            0.0,
            0.04
        ],
        "τ_A_dark": [
            0.5,
            4.0
        ]
    },
    "fit_name": "E_nanotime_dyn"
}